year,month,plant_id,quantity,fuel_cost,number_of_suppliers,plant_name,latitude,longitude
2023,1,108,6662.0,4.868774542179525,3.0,Holcomb,37.9308,-100.9725
2023,2,108,6490.0,2.6928899845916794,2.0,Holcomb,37.9308,-100.9725
2023,3,108,8332.0,2.78690350456073,2.0,Holcomb,37.9308,-100.9725
2023,4,108,18307.0,2.4265356967280276,2.0,Holcomb,37.9308,-100.9725
2023,5,108,12664.0,2.6406020214782058,3.0,Holcomb,37.9308,-100.9725
2023,6,108,8831.0,2.613462688257276,3.0,Holcomb,37.9308,-100.9725
2023,7,108,28136.0,2.8787330110889964,3.0,Holcomb,37.9308,-100.9725
2023,8,108,7838.0,2.856924853278898,3.0,Holcomb,37.9308,-100.9725
2023,9,108,10813.0,2.72552381392768,3.0,Holcomb,37.9308,-100.9725
2023,10,108,6434.0,2.8846826235623255,3.0,Holcomb,37.9308,-100.9725
2023,11,108,12312.0,2.873914230019493,4.0,Holcomb,37.9308,-100.9725
2023,12,108,17172.0,2.6452718378756113,2.0,Holcomb,37.9308,-100.9725
2023,1,165,1839170.0,6.652,1.0,GREC,36.190278,-95.2894
2023,2,165,1704352.0,5.171,1.0,GREC,36.190278,-95.2894
2023,3,165,1730162.0,3.82,1.0,GREC,36.190278,-95.2894
2023,4,165,1500414.0,3.049,1.0,GREC,36.190278,-95.2894
2023,5,165,555411.0,3.3289999999999997,1.0,GREC,36.190278,-95.2894
2023,6,165,1798088.0,2.155,1.0,GREC,36.190278,-95.2894
2023,7,165,1971687.0,3.25,1.0,GREC,36.190278,-95.2894
2023,8,165,1945435.0,3.2319999999999998,1.0,GREC,36.190278,-95.2894
2023,9,165,1633394.0,3.302,1.0,GREC,36.190278,-95.2894
2023,10,165,681838.0,3.8710000000000004,1.0,GREC,36.190278,-95.2894
2023,11,165,1761873.0,3.3789999999999996,1.0,GREC,36.190278,-95.2894
2023,12,165,1925718.0,3.6830000000000003,1.0,GREC,36.190278,-95.2894
2023,1,1239,967659.0,7.5729999999999995,1.0,Riverton,37.072616,-94.6987
2023,2,1239,859403.0,7.086000000000001,1.0,Riverton,37.072616,-94.6987
2023,3,1239,968965.0,3.443,1.0,Riverton,37.072616,-94.6987
2023,4,1239,418264.0,2.7289999999999996,1.0,Riverton,37.072616,-94.6987
2023,5,1239,1912.0,2.826,1.0,Riverton,37.072616,-94.6987
2023,7,1239,580791.0,2.926,1.0,Riverton,37.072616,-94.6987
2023,8,1239,1094644.0,2.7689999999999997,1.0,Riverton,37.072616,-94.6987
2023,9,1239,834486.0,2.6239999999999997,1.0,Riverton,37.072616,-94.6987
2023,10,1239,980962.0,2.832,1.0,Riverton,37.072616,-94.6987
2023,11,1239,818171.0,2.966,1.0,Riverton,37.072616,-94.6987
2023,12,1239,804023.0,3.6260000000000003,1.0,Riverton,37.072616,-94.6987
2023,1,1240,92760.0,3.971,1.0,Gordon Evans Energy Center,37.7903,-97.52167
2023,2,1240,130221.0,2.423,1.0,Gordon Evans Energy Center,37.7903,-97.52167
2023,3,1240,99057.0,2.102,1.0,Gordon Evans Energy Center,37.7903,-97.52167
2023,4,1240,279814.0,2.146,1.0,Gordon Evans Energy Center,37.7903,-97.52167
2023,5,1240,668008.0,1.9280000000000002,1.0,Gordon Evans Energy Center,37.7903,-97.52167
2023,6,1240,804700.0,2.406,1.0,Gordon Evans Energy Center,37.7903,-97.52167
2023,7,1240,602945.0,2.81,1.0,Gordon Evans Energy Center,37.7903,-97.52167
2023,8,1240,676783.0,3.196,1.0,Gordon Evans Energy Center,37.7903,-97.52167
2023,9,1240,506552.0,2.9330000000000003,1.0,Gordon Evans Energy Center,37.7903,-97.52167
2023,10,1240,236856.0,3.1,1.0,Gordon Evans Energy Center,37.7903,-97.52167
2023,11,1240,272922.0,7.81,1.0,Gordon Evans Energy Center,37.7903,-97.52167
2023,12,1240,93591.0,3.193,1.0,Gordon Evans Energy Center,37.7903,-97.52167
2023,1,1248,29060.0,4.198,1.0,Hutchinson Energy Center,38.0906,-97.87472
2023,2,1248,18005.0,3.485,1.0,Hutchinson Energy Center,38.0906,-97.87472
2023,3,1248,28506.0,1.986,1.0,Hutchinson Energy Center,38.0906,-97.87472
2023,4,1248,19725.0,1.5290000000000001,1.0,Hutchinson Energy Center,38.0906,-97.87472
2023,5,1248,33114.0,1.37,1.0,Hutchinson Energy Center,38.0906,-97.87472
2023,6,1248,29466.0,1.643,1.0,Hutchinson Energy Center,38.0906,-97.87472
2023,7,1248,73507.0,1.965,1.0,Hutchinson Energy Center,38.0906,-97.87472
2023,8,1248,164567.0,2.0409999999999995,1.0,Hutchinson Energy Center,38.0906,-97.87472
2023,9,1248,36512.0,1.945,1.0,Hutchinson Energy Center,38.0906,-97.87472
2023,10,1248,33331.0,2.068,1.0,Hutchinson Energy Center,38.0906,-97.87472
2023,11,1248,38513.0,2.5509999999999997,1.0,Hutchinson Energy Center,38.0906,-97.87472
2023,12,1248,23345.0,2.165,1.0,Hutchinson Energy Center,38.0906,-97.87472
2023,1,1250,38558.0,3.15,1.0,Lawrence Energy Center,39.0072,-95.26917
2023,2,1250,28180.0,2.229,1.0,Lawrence Energy Center,39.0072,-95.26917
2023,3,1250,84905.0,2.274,1.0,Lawrence Energy Center,39.0072,-95.26917
2023,4,1250,157441.0,2.1860000000000004,1.0,Lawrence Energy Center,39.0072,-95.26917
2023,5,1250,358112.0,1.885,1.0,Lawrence Energy Center,39.0072,-95.26917
2023,6,1250,355014.0,2.072,1.0,Lawrence Energy Center,39.0072,-95.26917
2023,7,1250,12902.0,3.366,1.0,Lawrence Energy Center,39.0072,-95.26917
2023,8,1250,8231.0,8.573,1.0,Lawrence Energy Center,39.0072,-95.26917
2023,9,1250,17487.0,2.234,1.0,Lawrence Energy Center,39.0072,-95.26917
2023,10,1250,86783.0,4.247999999999999,1.0,Lawrence Energy Center,39.0072,-95.26917
2023,11,1250,60811.0,3.057,1.0,Lawrence Energy Center,39.0072,-95.26917
2023,12,1250,209727.0,2.713,1.0,Lawrence Energy Center,39.0072,-95.26917
2023,1,1305,1356.0,7.936999999999999,1.0,McPherson 2,38.363411,-97.68335
2023,2,1305,9400.0,6.598,1.0,McPherson 2,38.363411,-97.68335
2023,3,1305,10559.0,3.76,1.0,McPherson 2,38.363411,-97.68335
2023,4,1305,27358.0,2.8939999999999997,1.0,McPherson 2,38.363411,-97.68335
2023,5,1305,37357.0,2.594,1.0,McPherson 2,38.363411,-97.68335
2023,6,1305,36391.0,3.111,1.0,McPherson 2,38.363411,-97.68335
2023,7,1305,98096.0,3.72,1.0,McPherson 2,38.363411,-97.68335
2023,8,1305,151748.0,3.865,1.0,McPherson 2,38.363411,-97.68335
2023,9,1305,53131.0,3.682,1.0,McPherson 2,38.363411,-97.68335
2023,10,1305,29865.0,3.9160000000000004,1.0,McPherson 2,38.363411,-97.68335
2023,11,1305,29352.0,4.83,1.0,McPherson 2,38.363411,-97.68335
2023,12,1305,272.0,4.102,1.0,McPherson 2,38.363411,-97.68335
2023,1,1336,27969.0,6.170523186384925,4.0,Garden City,37.9703,-100.8956
2023,2,1336,28221.0,5.122128131533255,4.0,Garden City,37.9703,-100.8956
2023,3,1336,31265.0,2.9188869982408443,4.0,Garden City,37.9703,-100.8956
2023,4,1336,25051.0,2.2470975210570434,4.0,Garden City,37.9703,-100.8956
2023,5,1336,74488.0,2.0136545349586514,4.0,Garden City,37.9703,-100.8956
2023,6,1336,130023.0,2.4156752266906625,4.0,Garden City,37.9703,-100.8956
2023,7,1336,174277.0,2.888573483592212,4.0,Garden City,37.9703,-100.8956
2023,8,1336,306265.0,3.000821605472384,4.0,Garden City,37.9703,-100.8956
2023,9,1336,92897.0,2.85862384145882,4.0,Garden City,37.9703,-100.8956
2023,10,1336,39147.0,3.0401706644187296,4.0,Garden City,37.9703,-100.8956
2023,11,1336,33820.0,3.749514636309876,4.0,Garden City,37.9703,-100.8956
2023,12,1336,31537.0,3.1823848178330216,4.0,Garden City,37.9703,-100.8956
2023,1,1417,13091.0,3.521398441677488,20.0,Lieberman,32.7047,-93.9597
2023,2,1417,11196.0,2.349909163987138,20.0,Lieberman,32.7047,-93.9597
2023,3,1417,30890.0,2.3092679831660736,20.0,Lieberman,32.7047,-93.9597
2023,4,1417,55179.0,2.0482644484314685,20.0,Lieberman,32.7047,-93.9597
2023,5,1417,29209.0,2.041237358348454,20.0,Lieberman,32.7047,-93.9597
2023,6,1417,240305.0,2.0962125257485282,20.0,Lieberman,32.7047,-93.9597
2023,7,1417,366785.0,2.4288674945812945,20.0,Lieberman,32.7047,-93.9597
2023,8,1417,747999.0,2.4005366638190697,20.0,Lieberman,32.7047,-93.9597
2023,9,1417,123346.0,2.480033604656819,20.0,Lieberman,32.7047,-93.9597
2023,10,1417,104590.0,2.672477942441916,20.0,Lieberman,32.7047,-93.9597
2023,11,1417,133000.0,2.6093424436090227,20.0,Lieberman,32.7047,-93.9597
2023,1,2079,179764.0,4.171,1.0,Hawthorn,39.1306,-94.4778
2023,2,2079,115011.0,2.3726456425907085,2.0,Hawthorn,39.1306,-94.4778
2023,3,2079,106314.0,1.84,1.0,Hawthorn,39.1306,-94.4778
2023,4,2079,300524.0,2.367,1.0,Hawthorn,39.1306,-94.4778
2023,5,2079,619576.0,2.085,1.0,Hawthorn,39.1306,-94.4778
2023,6,2079,916510.0,2.2523241055744077,4.0,Hawthorn,39.1306,-94.4778
2023,7,2079,816015.0,2.5278835499347436,4.0,Hawthorn,39.1306,-94.4778
2023,8,2079,954990.0,2.4439298819882933,4.0,Hawthorn,39.1306,-94.4778
2023,9,2079,695707.0,2.385940033663597,4.0,Hawthorn,39.1306,-94.4778
2023,10,2079,398831.0,2.339,2.0,Hawthorn,39.1306,-94.4778
2023,11,2079,361046.0,2.42681095483678,2.0,Hawthorn,39.1306,-94.4778
2023,12,2079,204357.0,3.1836687267869466,2.0,Hawthorn,39.1306,-94.4778
2023,1,2098,156464.0,3.1260000000000003,1.0,Lake Road (MO),39.7246,-94.8773
2023,2,2098,132913.0,2.483,1.0,Lake Road (MO),39.7246,-94.8773
2023,3,2098,145810.0,1.081,1.0,Lake Road (MO),39.7246,-94.8773
2023,4,2098,153305.0,2.2030000000000003,1.0,Lake Road (MO),39.7246,-94.8773
2023,5,2098,273249.0,2.241,1.0,Lake Road (MO),39.7246,-94.8773
2023,6,2098,349138.0,2.322,1.0,Lake Road (MO),39.7246,-94.8773
2023,7,2098,485251.0,2.6460000000000004,1.0,Lake Road (MO),39.7246,-94.8773
2023,8,2098,475055.0,2.591,1.0,Lake Road (MO),39.7246,-94.8773
2023,9,2098,243161.0,2.167,1.0,Lake Road (MO),39.7246,-94.8773
2023,10,2098,162620.0,2.562,1.0,Lake Road (MO),39.7246,-94.8773
2023,11,2098,208811.0,2.5469999999999997,1.0,Lake Road (MO),39.7246,-94.8773
2023,12,2098,187467.0,2.8339999999999996,1.0,Lake Road (MO),39.7246,-94.8773
2023,1,2161,38658.0,3.4210000000000003,1.0,James River Power Station,37.108611,-93.26194
2023,2,2161,2475.0,7.478,1.0,James River Power Station,37.108611,-93.26194
2023,3,2161,71017.0,3.0260000000000002,1.0,James River Power Station,37.108611,-93.26194
2023,4,2161,100563.0,2.6489999999999996,1.0,James River Power Station,37.108611,-93.26194
2023,5,2161,87098.0,1.795,1.0,James River Power Station,37.108611,-93.26194
2023,6,2161,220022.0,2.211,1.0,James River Power Station,37.108611,-93.26194
2023,7,2161,382916.0,2.538,1.0,James River Power Station,37.108611,-93.26194
2023,8,2161,449319.0,2.345,1.0,James River Power Station,37.108611,-93.26194
2023,9,2161,205360.0,2.133,1.0,James River Power Station,37.108611,-93.26194
2023,10,2161,134172.0,2.331,1.0,James River Power Station,37.108611,-93.26194
2023,11,2161,47930.0,2.5580000000000003,1.0,James River Power Station,37.108611,-93.26194
2023,12,2161,36394.0,2.8939999999999997,1.0,James River Power Station,37.108611,-93.26194
2023,1,2277,2303.0,7.355,1.0,Sheldon,40.5589,-96.7847
2023,2,2277,2833.0,5.632999999999999,1.0,Sheldon,40.5589,-96.7847
2023,3,2277,2587.0,6.013999999999999,1.0,Sheldon,40.5589,-96.7847
2023,4,2277,3486.0,2.583,1.0,Sheldon,40.5589,-96.7847
2023,5,2277,73.0,7.218,1.0,Sheldon,40.5589,-96.7847
2023,6,2277,1434.0,2.576,1.0,Sheldon,40.5589,-96.7847
2023,7,2277,1415.0,2.967,1.0,Sheldon,40.5589,-96.7847
2023,8,2277,200.0,3.082,1.0,Sheldon,40.5589,-96.7847
2023,9,2277,2771.0,2.478,1.0,Sheldon,40.5589,-96.7847
2023,10,2277,2266.0,3.13,1.0,Sheldon,40.5589,-96.7847
2023,11,2277,7435.0,3.907,1.0,Sheldon,40.5589,-96.7847
2023,12,2277,3774.0,4.781000000000001,1.0,Sheldon,40.5589,-96.7847
2023,1,2291,11925.0,5.601855345911949,2.0,North Omaha,41.32909,-95.94466
2023,2,2291,13768.0,3.9370756827425915,2.0,North Omaha,41.32909,-95.94466
2023,3,2291,16639.0,4.141994230422501,2.0,North Omaha,41.32909,-95.94466
2023,4,2291,44311.0,3.2833727742546994,3.0,North Omaha,41.32909,-95.94466
2023,5,2291,73698.0,2.9939355613449483,3.0,North Omaha,41.32909,-95.94466
2023,6,2291,427927.0,2.6435113512351402,3.0,North Omaha,41.32909,-95.94466
2023,7,2291,561281.0,2.9558844767594126,3.0,North Omaha,41.32909,-95.94466
2023,8,2291,531922.0,2.88855287053365,3.0,North Omaha,41.32909,-95.94466
2023,9,2291,123703.0,3.1195617082851665,3.0,North Omaha,41.32909,-95.94466
2023,10,2291,175577.0,2.8873852839494925,3.0,North Omaha,41.32909,-95.94466
2023,11,2291,40840.0,3.690011753183154,2.0,North Omaha,41.32909,-95.94466
2023,12,2291,28100.0,3.0151906761565836,2.0,North Omaha,41.32909,-95.94466
2023,1,2292,85112.0,3.755,1.0,Sarpy County,41.170594,-95.9706
2023,2,2292,63451.0,2.9760000000000004,1.0,Sarpy County,41.170594,-95.9706
2023,3,2292,74879.0,3.2110000000000003,1.0,Sarpy County,41.170594,-95.9706
2023,4,2292,133962.0,2.418,1.0,Sarpy County,41.170594,-95.9706
2023,5,2292,175440.0,2.366,1.0,Sarpy County,41.170594,-95.9706
2023,6,2292,294706.0,2.3140000000000005,1.0,Sarpy County,41.170594,-95.9706
2023,7,2292,287606.0,2.659,1.0,Sarpy County,41.170594,-95.9706
2023,8,2292,299582.0,2.556,1.0,Sarpy County,41.170594,-95.9706
2023,9,2292,98342.0,2.698,1.0,Sarpy County,41.170594,-95.9706
2023,10,2292,109197.0,2.6489999999999996,1.0,Sarpy County,41.170594,-95.9706
2023,11,2292,197704.0,5.099,1.0,Sarpy County,41.170594,-95.9706
2023,12,2292,189336.0,4.87,1.0,Sarpy County,41.170594,-95.9706
2023,1,2446,673012.0,4.195,1.0,Maddox,32.714224,-103.3015
2023,2,2446,396891.0,2.0869999999999997,1.0,Maddox,32.714224,-103.3015
2023,3,2446,726661.0,1.88,2.0,Maddox,32.714224,-103.3015
2023,4,2446,951281.0,1.3019999999999998,2.0,Maddox,32.714224,-103.3015
2023,5,2446,794281.0,1.3019999999999998,2.0,Maddox,32.714224,-103.3015
2023,6,2446,785243.0,2.215,2.0,Maddox,32.714224,-103.3015
2023,7,2446,921847.0,2.1929999999999996,2.0,Maddox,32.714224,-103.3015
2023,8,2446,992744.0,2.4509999999999996,2.0,Maddox,32.714224,-103.3015
2023,9,2446,410370.0,2.529,2.0,Maddox,32.714224,-103.3015
2023,10,2446,698775.0,2.056,2.0,Maddox,32.714224,-103.3015
2023,11,2446,462456.0,1.8459999999999999,2.0,Maddox,32.714224,-103.3015
2023,12,2446,449036.0,2.2289999999999996,2.0,Maddox,32.714224,-103.3015
2023,1,2454,1264095.0,4.195,2.0,Cunningham,32.7131,-103.3533
2023,2,2454,733553.0,2.0869999999999997,2.0,Cunningham,32.7131,-103.3533
2023,3,2454,1017691.0,1.88,2.0,Cunningham,32.7131,-103.3533
2023,4,2454,1471494.0,1.3019999999999998,2.0,Cunningham,32.7131,-103.3533
2023,5,2454,1100080.0,1.3019999999999998,2.0,Cunningham,32.7131,-103.3533
2023,6,2454,1138201.0,2.215,1.0,Cunningham,32.7131,-103.3533
2023,7,2454,1347786.0,2.193,1.0,Cunningham,32.7131,-103.3533
2023,8,2454,1942907.0,2.451,2.0,Cunningham,32.7131,-103.3533
2023,9,2454,1467207.0,2.529,2.0,Cunningham,32.7131,-103.3533
2023,10,2454,1076198.0,2.056,2.0,Cunningham,32.7131,-103.3533
2023,11,2454,1387462.0,1.8459999999999999,2.0,Cunningham,32.7131,-103.3533
2023,12,2454,1954391.0,2.21,2.0,Cunningham,32.7131,-103.3533
2023,1,2952,919249.0,5.031000000000001,1.0,Muskogee,35.76135,-95.28732
2023,2,2952,285621.0,8.277000000000001,1.0,Muskogee,35.76135,-95.28732
2023,3,2952,71340.0,28.358,1.0,Muskogee,35.76135,-95.28732
2023,4,2952,1009951.0,2.99,1.0,Muskogee,35.76135,-95.28732
2023,6,2952,668453.0,4.131,1.0,Muskogee,35.76135,-95.28732
2023,7,2952,3095435.0,2.949,1.0,Muskogee,35.76135,-95.28732
2023,8,2952,2634072.0,3.0189999999999997,1.0,Muskogee,35.76135,-95.28732
2023,9,2952,875875.0,4.1160000000000005,1.0,Muskogee,35.76135,-95.28732
2023,10,2952,1127067.0,3.656,1.0,Muskogee,35.76135,-95.28732
2023,11,2952,333193.0,7.15,1.0,Muskogee,35.76135,-95.28732
2023,12,2952,371059.0,6.694,1.0,Muskogee,35.76135,-95.28732
2023,1,2953,122792.0,9.815,1.0,Mustang,35.46988,-97.67498
2023,2,2953,108071.0,6.778,1.0,Mustang,35.46988,-97.67498
2023,3,2953,254871.0,4.956,1.0,Mustang,35.46988,-97.67498
2023,4,2953,469473.0,2.9160000000000004,1.0,Mustang,35.46988,-97.67498
2023,5,2953,450065.0,2.781,1.0,Mustang,35.46988,-97.67498
2023,6,2953,513787.0,2.786,1.0,Mustang,35.46988,-97.67498
2023,7,2953,792633.0,2.662,1.0,Mustang,35.46988,-97.67498
2023,8,2953,1142034.0,2.577,1.0,Mustang,35.46988,-97.67498
2023,9,2953,578234.0,2.705,1.0,Mustang,35.46988,-97.67498
2023,10,2953,497821.0,2.842,1.0,Mustang,35.46988,-97.67498
2023,11,2953,523278.0,2.8930000000000002,1.0,Mustang,35.46988,-97.67498
2023,12,2953,140618.0,4.2780000000000005,1.0,Mustang,35.46988,-97.67498
2023,1,2956,89764.0,5.456,1.0,Seminole,34.96645,-96.7258
2023,2,2956,129440.0,3.2769999999999997,1.0,Seminole,34.96645,-96.7258
2023,3,2956,9727.0,5.7989999999999995,1.0,Seminole,34.96645,-96.7258
2023,4,2956,863496.0,4.375,1.0,Seminole,34.96645,-96.7258
2023,5,2956,3941123.0,2.4090000000000003,1.0,Seminole,34.96645,-96.7258
2023,6,2956,4244438.0,2.234,1.0,Seminole,34.96645,-96.7258
2023,7,2956,5799155.0,2.5380000000000003,1.0,Seminole,34.96645,-96.7258
2023,8,2956,4593390.0,2.609,1.0,Seminole,34.96645,-96.7258
2023,9,2956,3928592.0,2.574,1.0,Seminole,34.96645,-96.7258
2023,10,2956,2494890.0,3.011,1.0,Seminole,34.96645,-96.7258
2023,11,2956,1849739.0,3.061000000000001,1.0,Seminole,34.96645,-96.7258
2023,12,2956,542606.0,3.6210000000000004,1.0,Seminole,34.96645,-96.7258
2023,1,2963,441752.0,4.801881075807239,21.0,Northeastern,36.4317,-95.7008
2023,2,2963,246977.0,4.424816055746081,11.0,Northeastern,36.4317,-95.7008
2023,3,2963,943262.0,2.8714091164490885,7.0,Northeastern,36.4317,-95.7008
2023,4,2963,1618161.0,1.8617590888669295,20.0,Northeastern,36.4317,-95.7008
2023,6,2963,1740385.0,2.6940392993504307,26.0,Northeastern,36.4317,-95.7008
2023,7,2963,2581819.0,2.732052395617198,22.0,Northeastern,36.4317,-95.7008
2023,8,2963,3107318.0,2.683372871395847,28.0,Northeastern,36.4317,-95.7008
2023,9,2963,2558094.0,2.727305654522469,23.0,Northeastern,36.4317,-95.7008
2023,10,2963,2567736.0,2.6185441322628185,19.0,Northeastern,36.4317,-95.7008
2023,11,2963,441442.0,3.3490362697704334,16.0,Northeastern,36.4317,-95.7008
2023,12,2963,1613382.0,3.0780387570953436,16.0,Northeastern,36.4317,-95.7008
2023,1,2964,640760.0,4.575877150571197,22.0,Southwestern,35.1009,-98.3524
2023,2,2964,802632.0,3.344950207567104,22.0,Southwestern,35.1009,-98.3524
2023,3,2964,523733.0,3.7817254116124053,22.0,Southwestern,35.1009,-98.3524
2023,4,2964,833283.0,2.9163962387328195,22.0,Southwestern,35.1009,-98.3524
2023,5,2964,971076.0,2.3161934946389366,22.0,Southwestern,35.1009,-98.3524
2023,6,2964,1536003.0,2.366219455300543,22.0,Southwestern,35.1009,-98.3524
2023,7,2964,1528304.0,2.673753257859693,22.0,Southwestern,35.1009,-98.3524
2023,8,2964,1809854.0,2.6785470496515194,22.0,Southwestern,35.1009,-98.3524
2023,9,2964,1459199.0,2.6897084722508713,22.0,Southwestern,35.1009,-98.3524
2023,10,2964,1050903.0,2.8378436097337243,22.0,Southwestern,35.1009,-98.3524
2023,11,2964,821305.0,2.978022493470757,22.0,Southwestern,35.1009,-98.3524
2023,12,2964,978235.0,3.0423076510245495,22.0,Southwestern,35.1009,-98.3524
2023,1,2965,132073.0,5.672683417503956,23.0,Tulsa,36.116492,-95.99097
2023,2,2965,208058.0,4.146970830249257,23.0,Tulsa,36.116492,-95.99097
2023,3,2965,114916.0,4.688226478471231,23.0,Tulsa,36.116492,-95.99097
2023,4,2965,197424.0,3.615483061836453,23.0,Tulsa,36.116492,-95.99097
2023,5,2965,168381.0,2.8713665496700935,23.0,Tulsa,36.116492,-95.99097
2023,6,2965,359811.0,2.9334825839121095,23.0,Tulsa,36.116492,-95.99097
2023,7,2965,248407.0,3.3149151875752296,23.0,Tulsa,36.116492,-95.99097
2023,8,2965,450712.0,3.320654668613217,23.0,Tulsa,36.116492,-95.99097
2023,9,2965,353000.0,3.33460992917847,23.0,Tulsa,36.116492,-95.99097
2023,10,2965,301595.0,3.518343308078715,23.0,Tulsa,36.116492,-95.99097
2023,11,2965,213194.0,3.691934819929266,23.0,Tulsa,36.116492,-95.99097
2023,12,2965,9079.0,3.7710789734552264,21.0,Tulsa,36.116492,-95.99097
2023,1,3006,370699.0,7.648999999999998,1.0,Anadarko Plant,35.0847,-98.23
2023,2,3006,358011.0,8.348,1.0,Anadarko Plant,35.0847,-98.23
2023,3,3006,113632.0,9.754,1.0,Anadarko Plant,35.0847,-98.23
2023,4,3006,490359.0,3.752,1.0,Anadarko Plant,35.0847,-98.23
2023,5,3006,615953.0,3.372,1.0,Anadarko Plant,35.0847,-98.23
2023,6,3006,863675.0,3.083,1.0,Anadarko Plant,35.0847,-98.23
2023,7,3006,1202172.0,3.0460000000000003,1.0,Anadarko Plant,35.0847,-98.23
2023,8,3006,1493555.0,2.9219999999999997,1.0,Anadarko Plant,35.0847,-98.23
2023,9,3006,1002738.0,3.239,1.0,Anadarko Plant,35.0847,-98.23
2023,10,3006,1164649.0,3.1039999999999996,1.0,Anadarko Plant,35.0847,-98.23
2023,11,3006,1125698.0,3.202,1.0,Anadarko Plant,35.0847,-98.23
2023,12,3006,688861.0,3.889,1.0,Anadarko Plant,35.0847,-98.23
2023,1,3008,40201.0,9.777999999999999,1.0,Mooreland,36.43725,-99.22543
2023,2,3008,20559.0,7.148,1.0,Mooreland,36.43725,-99.22543
2023,3,3008,13026.0,8.081,1.0,Mooreland,36.43725,-99.22543
2023,4,3008,51432.0,6.232,1.0,Mooreland,36.43725,-99.22543
2023,5,3008,79286.0,4.949,1.0,Mooreland,36.43725,-99.22543
2023,6,3008,135916.0,5.056000000000001,1.0,Mooreland,36.43725,-99.22543
2023,7,3008,174689.0,5.712999999999999,1.0,Mooreland,36.43725,-99.22543
2023,8,3008,384928.0,5.724,1.0,Mooreland,36.43725,-99.22543
2023,9,3008,75100.0,5.747000000000001,1.0,Mooreland,36.43725,-99.22543
2023,10,3008,40365.0,6.064,1.0,Mooreland,36.43725,-99.22543
2023,11,3008,53142.0,6.362999999999999,1.0,Mooreland,36.43725,-99.22543
2023,12,3008,25636.0,6.501,1.0,Mooreland,36.43725,-99.22543
2023,1,3476,58299.0,3.740991406370606,3.0,Knox Lee,32.3766,-94.6415
2023,2,3476,82687.0,2.795934681388852,3.0,Knox Lee,32.3766,-94.6415
2023,3,3476,228293.0,2.6169763637080417,3.0,Knox Lee,32.3766,-94.6415
2023,4,3476,275348.0,2.2468713555210136,3.0,Knox Lee,32.3766,-94.6415
2023,5,3476,710722.0,2.3287617071091087,3.0,Knox Lee,32.3766,-94.6415
2023,6,3476,781599.0,2.4880327456918447,3.0,Knox Lee,32.3766,-94.6415
2023,7,3476,1034396.0,2.8217252067873426,3.0,Knox Lee,32.3766,-94.6415
2023,8,3476,1051685.0,2.823280456600598,3.0,Knox Lee,32.3766,-94.6415
2023,9,3476,508215.0,2.825257040819338,3.0,Knox Lee,32.3766,-94.6415
2023,10,3476,80098.0,2.8596675572423775,3.0,Knox Lee,32.3766,-94.6415
2023,11,3476,215879.0,2.8465187118710014,3.0,Knox Lee,32.3766,-94.6415
2023,12,3476,207044.0,2.6088911632310046,3.0,Knox Lee,32.3766,-94.6415
2023,1,3478,194475.0,4.365435377297853,24.0,Wilkes,32.848163,-94.54799
2023,2,3478,368602.0,3.2626108051502705,24.0,Wilkes,32.848163,-94.54799
2023,3,3478,325499.0,3.054369500367128,24.0,Wilkes,32.848163,-94.54799
2023,4,3478,1321209.0,2.6226306481412105,24.0,Wilkes,32.848163,-94.54799
2023,5,3478,734214.0,2.7180209339511374,24.0,Wilkes,32.848163,-94.54799
2023,6,3478,1967499.0,2.903902363355712,24.0,Wilkes,32.848163,-94.54799
2023,7,3478,1623131.0,3.2932912211029173,24.0,Wilkes,32.848163,-94.54799
2023,8,3478,2651115.0,3.2951032848443016,24.0,Wilkes,32.848163,-94.54799
2023,9,3478,1335608.0,3.2972219693203395,24.0,Wilkes,32.848163,-94.54799
2023,10,3478,153992.0,3.3373585640812506,24.0,Wilkes,32.848163,-94.54799
2023,11,3478,522149.0,3.3217884607650308,24.0,Wilkes,32.848163,-94.54799
2023,12,3478,1362574.0,3.0445130671802043,24.0,Wilkes,32.848163,-94.54799
2023,1,3482,1812287.0,2.2016096677844073,2.0,Jones,33.5239,-101.7392
2023,2,3482,1065179.0,3.2412194260307428,2.0,Jones,33.5239,-101.7392
2023,3,3482,1093046.0,2.113425574038055,2.0,Jones,33.5239,-101.7392
2023,4,3482,684123.0,1.959572331291303,2.0,Jones,33.5239,-101.7392
2023,5,3482,741254.0,1.9401278994784517,2.0,Jones,33.5239,-101.7392
2023,6,3482,1621172.0,2.5177591150106218,2.0,Jones,33.5239,-101.7392
2023,7,3482,2596548.0,2.6697598276634977,2.0,Jones,33.5239,-101.7392
2023,8,3482,3419283.0,2.66196240352144,2.0,Jones,33.5239,-101.7392
2023,9,3482,1928023.0,2.8403563043594398,2.0,Jones,33.5239,-101.7392
2023,10,3482,1704526.0,2.3541682919474387,2.0,Jones,33.5239,-101.7392
2023,11,3482,1963289.0,2.0951525170262757,2.0,Jones,33.5239,-101.7392
2023,12,3482,1289591.0,2.2341940723841898,2.0,Jones,33.5239,-101.7392
2023,1,3484,943056.0,3.193,1.0,Nichols,35.283357,-101.7464
2023,2,3484,477850.0,2.386,1.0,Nichols,35.283357,-101.7464
2023,3,3484,735894.0,2.234,1.0,Nichols,35.283357,-101.7464
2023,4,3484,1022702.0,1.9180000000000001,1.0,Nichols,35.283357,-101.7464
2023,5,3484,1493802.0,1.9880000000000002,1.0,Nichols,35.283357,-101.7464
2023,6,3484,1547409.0,2.124,1.0,Nichols,35.283357,-101.7464
2023,7,3484,1475672.0,2.4090000000000003,1.0,Nichols,35.283357,-101.7464
2023,8,3484,1436323.0,2.41,1.0,Nichols,35.283357,-101.7464
2023,9,3484,1228465.0,2.412,1.0,Nichols,35.283357,-101.7464
2023,10,3484,1160156.0,2.441,1.0,Nichols,35.283357,-101.7464
2023,11,3484,1046785.0,2.43,1.0,Nichols,35.283357,-101.7464
2023,12,3484,939818.0,2.227,1.0,Nichols,35.283357,-101.7464
2023,1,3485,692280.0,3.773,1.0,Plant X,34.1661,-102.4114
2023,2,3485,502791.0,2.82,1.0,Plant X,34.1661,-102.4114
2023,3,3485,612488.0,2.64,1.0,Plant X,34.1661,-102.4114
2023,4,3485,535950.0,2.267,1.0,Plant X,34.1661,-102.4114
2023,5,3485,134602.0,2.349,1.0,Plant X,34.1661,-102.4114
2023,6,3485,766429.0,2.51,1.0,Plant X,34.1661,-102.4114
2023,7,3485,805010.0,2.847,1.0,Plant X,34.1661,-102.4114
2023,8,3485,586597.0,2.8480000000000003,1.0,Plant X,34.1661,-102.4114
2023,9,3485,755126.0,2.85,1.0,Plant X,34.1661,-102.4114
2023,10,3485,189103.0,2.885,1.0,Plant X,34.1661,-102.4114
2023,11,3485,840842.0,2.8710000000000004,1.0,Plant X,34.1661,-102.4114
2023,12,3485,549172.0,2.6319999999999997,1.0,Plant X,34.1661,-102.4114
2023,1,4940,56201.0,7.725367573530719,9.0,Riverside (OK),35.9978,-95.9567
2023,2,4940,76691.0,5.887574213401833,7.0,Riverside (OK),35.9978,-95.9567
2023,3,4940,22125.0,10.636537988700564,7.0,Riverside (OK),35.9978,-95.9567
2023,4,4940,2753.0,71.89634689429712,12.0,Riverside (OK),35.9978,-95.9567
2023,5,4940,822334.0,2.3643864913769828,11.0,Riverside (OK),35.9978,-95.9567
2023,6,4940,2579766.0,2.377414715133078,16.0,Riverside (OK),35.9978,-95.9567
2023,7,4940,3045967.0,2.627682205355475,11.0,Riverside (OK),35.9978,-95.9567
2023,8,4940,3264305.0,2.61250975690078,13.0,Riverside (OK),35.9978,-95.9567
2023,9,4940,1991216.0,2.6012629594177628,12.0,Riverside (OK),35.9978,-95.9567
2023,10,4940,702980.0,2.7128406682978174,10.0,Riverside (OK),35.9978,-95.9567
2023,11,4940,12628.0,18.014806065885338,5.0,Riverside (OK),35.9978,-95.9567
2023,12,4940,87038.0,5.11246328040626,8.0,Riverside (OK),35.9978,-95.9567
2023,1,6074,12798.0,3.17,1.0,Greenwood (MO),38.8615,-94.2982
2023,2,6074,10275.0,3.0469999999999997,1.0,Greenwood (MO),38.8615,-94.2982
2023,3,6074,38238.0,1.074,1.0,Greenwood (MO),38.8615,-94.2982
2023,4,6074,102683.0,2.282,1.0,Greenwood (MO),38.8615,-94.2982
2023,5,6074,232513.0,2.199,1.0,Greenwood (MO),38.8615,-94.2982
2023,6,6074,343310.0,2.283,1.0,Greenwood (MO),38.8615,-94.2982
2023,7,6074,391846.0,2.591,1.0,Greenwood (MO),38.8615,-94.2982
2023,8,6074,310894.0,2.532,1.0,Greenwood (MO),38.8615,-94.2982
2023,9,6074,128551.0,2.358,1.0,Greenwood (MO),38.8615,-94.2982
2023,10,6074,261135.0,2.45,1.0,Greenwood (MO),38.8615,-94.2982
2023,11,6074,100153.0,2.505,1.0,Greenwood (MO),38.8615,-94.2982
2023,12,6074,78160.0,2.842,1.0,Greenwood (MO),38.8615,-94.2982
2023,1,6077,18304.0,3.656,1.0,Gerald Gentleman,41.0808,-101.1408
2023,2,6077,24972.0,2.915,1.0,Gerald Gentleman,41.0808,-101.1408
2023,3,6077,18216.0,3.0789999999999997,1.0,Gerald Gentleman,41.0808,-101.1408
2023,4,6077,31410.0,2.673,1.0,Gerald Gentleman,41.0808,-101.1408
2023,5,6077,31003.0,2.553,1.0,Gerald Gentleman,41.0808,-101.1408
2023,6,6077,21373.0,2.975,1.0,Gerald Gentleman,41.0808,-101.1408
2023,7,6077,23042.0,3.147,1.0,Gerald Gentleman,41.0808,-101.1408
2023,8,6077,12512.0,3.3489999999999998,1.0,Gerald Gentleman,41.0808,-101.1408
2023,9,6077,28615.0,2.9810000000000003,1.0,Gerald Gentleman,41.0808,-101.1408
2023,10,6077,36019.0,2.925,1.0,Gerald Gentleman,41.0808,-101.1408
2023,11,6077,20325.0,3.154,1.0,Gerald Gentleman,41.0808,-101.1408
2023,12,6077,21480.0,2.844,1.0,Gerald Gentleman,41.0808,-101.1408
2023,1,6096,6321.0,3.7319999999999993,1.0,Nebraska City,40.6214,-95.7764
2023,2,6096,7196.0,2.7560000000000002,1.0,Nebraska City,40.6214,-95.7764
2023,3,6096,10769.0,2.799,1.0,Nebraska City,40.6214,-95.7764
2023,4,6096,32829.0,2.455,1.0,Nebraska City,40.6214,-95.7764
2023,5,6096,12444.0,2.399,1.0,Nebraska City,40.6214,-95.7764
2023,6,6096,100371.0,2.539,1.0,Nebraska City,40.6214,-95.7764
2023,7,6096,2936.0,2.733,1.0,Nebraska City,40.6214,-95.7764
2023,8,6096,26027.0,2.765,1.0,Nebraska City,40.6214,-95.7764
2023,9,6096,12558.0,2.667,1.0,Nebraska City,40.6214,-95.7764
2023,10,6096,10842.0,2.839,1.0,Nebraska City,40.6214,-95.7764
2023,11,6096,9581.0,2.855,1.0,Nebraska City,40.6214,-95.7764
2023,12,6096,8923.0,2.612,1.0,Nebraska City,40.6214,-95.7764
2023,1,6193,47013.0,2.7510000000000003,1.0,Harrington,35.29816,-101.7472
2023,2,6193,40676.0,3.303,1.0,Harrington,35.29816,-101.7472
2023,3,6193,13315.0,2.1919999999999997,1.0,Harrington,35.29816,-101.7472
2023,4,6193,43700.0,1.9340000000000002,1.0,Harrington,35.29816,-101.7472
2023,5,6193,21396.0,1.9340000000000002,1.0,Harrington,35.29816,-101.7472
2023,6,6193,31842.0,2.655,1.0,Harrington,35.29816,-101.7472
2023,7,6193,18479.0,2.7239999999999998,1.0,Harrington,35.29816,-101.7472
2023,8,6193,10230.0,2.7,1.0,Harrington,35.29816,-101.7472
2023,9,6193,8478.0,2.8569999999999998,1.0,Harrington,35.29816,-101.7472
2023,10,6193,31337.0,2.3369999999999997,1.0,Harrington,35.29816,-101.7472
2023,11,6193,41177.0,2.09,1.0,Harrington,35.29816,-101.7472
2023,12,6193,33081.0,2.191,1.0,Harrington,35.29816,-101.7472
2023,1,6194,33888.0,2.6489999999999996,1.0,Tolk,34.186494,-102.57
2023,2,6194,39256.0,2.8110000000000004,1.0,Tolk,34.186494,-102.57
2023,3,6194,27484.0,1.9340000000000004,1.0,Tolk,34.186494,-102.57
2023,4,6194,17429.0,1.5030000000000001,1.0,Tolk,34.186494,-102.57
2023,5,6194,17429.0,1.5030000000000001,1.0,Tolk,34.186494,-102.57
2023,6,6194,32903.0,2.33,1.0,Tolk,34.186494,-102.57
2023,7,6194,53735.0,2.426,1.0,Tolk,34.186494,-102.57
2023,8,6194,86224.0,2.399,1.0,Tolk,34.186494,-102.57
2023,9,6194,111569.0,2.309,1.0,Tolk,34.186494,-102.57
2023,10,6194,82391.0,1.966,1.0,Tolk,34.186494,-102.57
2023,11,6194,38424.0,1.82,1.0,Tolk,34.186494,-102.57
2023,12,6194,29602.0,2.1069999999999998,1.0,Tolk,34.186494,-102.57
2023,1,6195,96085.0,3.4210000000000003,1.0,John Twitty Energy Center,37.151706,-93.38804
2023,2,6195,23239.0,7.478,1.0,John Twitty Energy Center,37.151706,-93.38804
2023,3,6195,129102.0,3.0260000000000002,1.0,John Twitty Energy Center,37.151706,-93.38804
2023,4,6195,147408.0,2.6489999999999996,1.0,John Twitty Energy Center,37.151706,-93.38804
2023,5,6195,138069.0,1.795,1.0,John Twitty Energy Center,37.151706,-93.38804
2023,6,6195,244596.0,2.211,1.0,John Twitty Energy Center,37.151706,-93.38804
2023,7,6195,199767.0,2.5380000000000003,1.0,John Twitty Energy Center,37.151706,-93.38804
2023,8,6195,131690.0,2.345,1.0,John Twitty Energy Center,37.151706,-93.38804
2023,9,6195,103453.0,2.133,1.0,John Twitty Energy Center,37.151706,-93.38804
2023,10,6195,134523.0,2.331,1.0,John Twitty Energy Center,37.151706,-93.38804
2023,11,6195,128684.0,2.5580000000000003,1.0,John Twitty Energy Center,37.151706,-93.38804
2023,12,6195,129716.0,2.8939999999999997,1.0,John Twitty Energy Center,37.151706,-93.38804
2023,1,6223,74752.0,5.236000000000001,1.0,Empire Energy Center,37.1385,-94.1041
2023,2,6223,73267.0,4.44,1.0,Empire Energy Center,37.1385,-94.1041
2023,3,6223,116305.0,3.181,1.0,Empire Energy Center,37.1385,-94.1041
2023,4,6223,207093.0,2.9160000000000004,1.0,Empire Energy Center,37.1385,-94.1041
2023,5,6223,232203.0,2.8369999999999997,1.0,Empire Energy Center,37.1385,-94.1041
2023,6,6223,558558.0,2.904,1.0,Empire Energy Center,37.1385,-94.1041
2023,7,6223,596209.0,3.1060000000000003,1.0,Empire Energy Center,37.1385,-94.1041
2023,8,6223,650901.0,3.0669999999999997,1.0,Empire Energy Center,37.1385,-94.1041
2023,9,6223,191775.0,2.94,1.0,Empire Energy Center,37.1385,-94.1041
2023,10,6223,130070.0,3.05,1.0,Empire Energy Center,37.1385,-94.1041
2023,11,6223,144203.0,3.25,1.0,Empire Energy Center,37.1385,-94.1041
2023,12,6223,67956.0,3.3569999999999998,1.0,Empire Energy Center,37.1385,-94.1041
2023,1,6373,31372.0,3.680920597985465,2.0,Rokeby,40.7316,-96.7364
2023,2,6373,41674.0,2.9170793780294666,2.0,Rokeby,40.7316,-96.7364
2023,3,6373,10040.0,3.147,2.0,Rokeby,40.7316,-96.7364
2023,4,6373,35279.0,2.36992060432552,2.0,Rokeby,40.7316,-96.7364
2023,5,6373,73290.0,2.319,2.0,Rokeby,40.7316,-96.7364
2023,6,6373,171182.0,2.2680000000000002,2.0,Rokeby,40.7316,-96.7364
2023,7,6373,270386.0,2.6060000000000003,2.0,Rokeby,40.7316,-96.7364
2023,8,6373,317499.0,2.505,2.0,Rokeby,40.7316,-96.7364
2023,9,6373,68501.0,2.6439999999999997,2.0,Rokeby,40.7316,-96.7364
2023,10,6373,27844.0,2.597,2.0,Rokeby,40.7316,-96.7364
2023,11,6373,26952.0,4.996920599584446,2.0,Rokeby,40.7316,-96.7364
2023,12,6373,21898.0,4.77307936797881,2.0,Rokeby,40.7316,-96.7364
2023,1,6469,20050.0,6.0,1.0,Antelope Valley,47.370542,-101.8357
2023,2,6469,33560.0,5.98,1.0,Antelope Valley,47.370542,-101.8357
2023,3,6469,46270.0,5.86,1.0,Antelope Valley,47.370542,-101.8357
2023,4,6469,39770.0,5.85,1.0,Antelope Valley,47.370542,-101.8357
2023,5,6469,19841.0,5.76,1.0,Antelope Valley,47.370542,-101.8357
2023,6,6469,35150.0,5.87,1.0,Antelope Valley,47.370542,-101.8357
2023,7,6469,18380.0,5.76,1.0,Antelope Valley,47.370542,-101.8357
2023,8,6469,36060.0,5.58,1.0,Antelope Valley,47.370542,-101.8357
2023,9,6469,43170.0,5.57,1.0,Antelope Valley,47.370542,-101.8357
2023,10,6469,63910.0,5.56,1.0,Antelope Valley,47.370542,-101.8357
2023,11,6469,23250.0,5.77,1.0,Antelope Valley,47.370542,-101.8357
2023,12,6469,23830.0,5.77,1.0,Antelope Valley,47.370542,-101.8357
2023,1,7296,949739.0,6.089016113900766,2.0,State Line Combined Cycle,37.0659,-94.614
2023,2,7296,760020.0,5.183651443383069,2.0,State Line Combined Cycle,37.0659,-94.614
2023,3,7296,605648.0,3.036490132882467,2.0,State Line Combined Cycle,37.0659,-94.614
2023,4,7296,1164200.0,2.4508691908606766,2.0,State Line Combined Cycle,37.0659,-94.614
2023,5,7296,1853472.0,2.446153338167504,2.0,State Line Combined Cycle,37.0659,-94.614
2023,6,7296,1745047.0,2.5811218139110292,2.0,State Line Combined Cycle,37.0659,-94.614
2023,7,7296,2098892.0,2.6798924213346855,2.0,State Line Combined Cycle,37.0659,-94.614
2023,8,7296,2189545.0,2.605480416707581,2.0,State Line Combined Cycle,37.0659,-94.614
2023,9,7296,1848280.0,2.453791637630662,2.0,State Line Combined Cycle,37.0659,-94.614
2023,10,7296,779603.0,2.675395609047169,2.0,State Line Combined Cycle,37.0659,-94.614
2023,11,7296,1428182.0,2.692946363978821,2.0,State Line Combined Cycle,37.0659,-94.614
2023,12,7296,1339512.0,3.2826319749281834,2.0,State Line Combined Cycle,37.0659,-94.614
2023,1,7887,37609.0,3.767,1.0,Terry Bundy Generating Station,40.909653,-96.61309
2023,2,7887,26536.0,3.161,1.0,Terry Bundy Generating Station,40.909653,-96.61309
2023,3,7887,14854.0,3.5060000000000002,1.0,Terry Bundy Generating Station,40.909653,-96.61309
2023,4,7887,48882.0,2.305,1.0,Terry Bundy Generating Station,40.909653,-96.61309
2023,5,7887,59996.0,2.161,1.0,Terry Bundy Generating Station,40.909653,-96.61309
2023,6,7887,104329.0,2.1380000000000003,1.0,Terry Bundy Generating Station,40.909653,-96.61309
2023,7,7887,95057.0,2.411,1.0,Terry Bundy Generating Station,40.909653,-96.61309
2023,8,7887,145519.0,2.455,1.0,Terry Bundy Generating Station,40.909653,-96.61309
2023,9,7887,40235.0,2.481,1.0,Terry Bundy Generating Station,40.909653,-96.61309
2023,10,7887,23377.0,2.909,1.0,Terry Bundy Generating Station,40.909653,-96.61309
2023,11,7887,22501.0,12.999,1.0,Terry Bundy Generating Station,40.909653,-96.61309
2023,12,7887,28974.0,10.294,1.0,Terry Bundy Generating Station,40.909653,-96.61309
2023,1,7902,9311.0,3.069,1.0,Pirkey,32.4607,-94.4852
2023,2,7902,8409.0,2.443,1.0,Pirkey,32.4607,-94.4852
2023,3,7902,9306.0,2.4410000000000003,1.0,Pirkey,32.4607,-94.4852
2023,1,7929,17783.0,6.375,1.0,West Gardner,38.7875,-94.9861
2023,2,7929,27162.0,5.292000000000001,1.0,West Gardner,38.7875,-94.9861
2023,4,7929,19915.0,2.3209999999999997,1.0,West Gardner,38.7875,-94.9861
2023,5,7929,329066.0,2.08,1.0,West Gardner,38.7875,-94.9861
2023,6,7929,648917.0,2.495,1.0,West Gardner,38.7875,-94.9861
2023,7,7929,505234.0,2.984,1.0,West Gardner,38.7875,-94.9861
2023,8,7929,707398.0,3.1,1.0,West Gardner,38.7875,-94.9861
2023,9,7929,317383.0,2.9530000000000003,1.0,West Gardner,38.7875,-94.9861
2023,10,7929,379237.0,3.141,1.0,West Gardner,38.7875,-94.9861
2023,11,7929,222044.0,3.8739999999999997,1.0,West Gardner,38.7875,-94.9861
2023,12,7929,75128.0,3.2880000000000003,1.0,West Gardner,38.7875,-94.9861
2023,1,8000,125817.0,3.128,1.0,Beatrice,40.330184,-96.80815
2023,2,8000,75215.0,2.48,1.0,Beatrice,40.330184,-96.80815
2023,3,8000,228414.0,2.675,1.0,Beatrice,40.330184,-96.80815
2023,4,8000,135924.0,2.0140000000000002,1.0,Beatrice,40.330184,-96.80815
2023,5,8000,603282.0,1.9709999999999999,1.0,Beatrice,40.330184,-96.80815
2023,6,8000,805360.0,1.9280000000000002,1.0,Beatrice,40.330184,-96.80815
2023,7,8000,702108.0,2.215,1.0,Beatrice,40.330184,-96.80815
2023,8,8000,620804.0,2.129,1.0,Beatrice,40.330184,-96.80815
2023,9,8000,370192.0,2.248,1.0,Beatrice,40.330184,-96.80815
2023,10,8000,162823.0,2.2070000000000003,1.0,Beatrice,40.330184,-96.80815
2023,11,8000,320976.0,4.248,1.0,Beatrice,40.330184,-96.80815
2023,12,8000,328105.0,4.0569999999999995,1.0,Beatrice,40.330184,-96.80815
2023,1,10671,16961.0,3.052,1.0,River Valley,35.1931,-94.6458
2023,2,10671,19527.0,2.5119999999999996,1.0,River Valley,35.1931,-94.6458
2023,3,10671,48412.0,2.524,1.0,River Valley,35.1931,-94.6458
2023,5,10671,26888.0,2.1319999999999997,1.0,River Valley,35.1931,-94.6458
2023,6,10671,30041.0,2.219,1.0,River Valley,35.1931,-94.6458
2023,7,10671,22161.0,2.553,1.0,River Valley,35.1931,-94.6458
2023,8,10671,373858.0,2.613,1.0,River Valley,35.1931,-94.6458
2023,9,10671,120750.0,2.5380000000000003,1.0,River Valley,35.1931,-94.6458
2023,10,10671,20093.0,3.7769999999999997,1.0,River Valley,35.1931,-94.6458
2023,11,10671,77295.0,2.439,1.0,River Valley,35.1931,-94.6458
2023,1,55065,1423192.0,2.136,1.0,Mustang Station,32.9728,-102.7417
2023,2,55065,856328.0,1.87,1.0,Mustang Station,32.9728,-102.7417
2023,3,55065,557053.0,2.043,1.0,Mustang Station,32.9728,-102.7417
2023,4,55065,1415757.0,1.256,1.0,Mustang Station,32.9728,-102.7417
2023,5,55065,1513530.0,1.389,1.0,Mustang Station,32.9728,-102.7417
2023,6,55065,1609190.0,1.952,1.0,Mustang Station,32.9728,-102.7417
2023,7,55065,1796283.0,1.9880000000000002,1.0,Mustang Station,32.9728,-102.7417
2023,8,55065,1970909.0,2.2159999999999997,1.0,Mustang Station,32.9728,-102.7417
2023,9,55065,1755956.0,2.075,1.0,Mustang Station,32.9728,-102.7417
2023,10,55065,314720.0,2.189,1.0,Mustang Station,32.9728,-102.7417
2023,11,55065,1089672.0,1.281,1.0,Mustang Station,32.9728,-102.7417
2023,12,55065,1551452.0,1.555,1.0,Mustang Station,32.9728,-102.7417
2023,1,55457,1789750.0,5.456,1.0,McClain Energy Facility,35.29774,-97.58985
2023,2,55457,1770629.0,3.2769999999999997,1.0,McClain Energy Facility,35.29774,-97.58985
2023,3,55457,1366903.0,5.7989999999999995,1.0,McClain Energy Facility,35.29774,-97.58985
2023,4,55457,1157875.0,4.375,1.0,McClain Energy Facility,35.29774,-97.58985
2023,5,55457,1870776.0,2.4090000000000003,1.0,McClain Energy Facility,35.29774,-97.58985
2023,6,55457,1901671.0,2.234,1.0,McClain Energy Facility,35.29774,-97.58985
2023,7,55457,1970209.0,2.5380000000000003,1.0,McClain Energy Facility,35.29774,-97.58985
2023,8,55457,2031030.0,2.609,1.0,McClain Energy Facility,35.29774,-97.58985
2023,9,55457,1252287.0,2.574,1.0,McClain Energy Facility,35.29774,-97.58985
2023,10,55457,124.0,3.011,1.0,McClain Energy Facility,35.29774,-97.58985
2023,11,55457,1122279.0,3.0610000000000004,1.0,McClain Energy Facility,35.29774,-97.58985
2023,12,55457,1656516.0,3.6210000000000004,1.0,McClain Energy Facility,35.29774,-97.58985
2023,1,55463,3266048.0,3.8610000000000007,1.0,Redbud Power Plant,35.6856,-97.2264
2023,2,55463,2659881.0,2.27,1.0,Redbud Power Plant,35.6856,-97.2264
2023,3,55463,2387741.0,5.996,1.0,Redbud Power Plant,35.6856,-97.2264
2023,4,55463,1119018.0,3.008,1.0,Redbud Power Plant,35.6856,-97.2264
2023,5,55463,4050181.0,2.249,1.0,Redbud Power Plant,35.6856,-97.2264
2023,6,55463,4249195.0,2.233,1.0,Redbud Power Plant,35.6856,-97.2264
2023,7,55463,4387133.0,2.455,1.0,Redbud Power Plant,35.6856,-97.2264
2023,8,55463,4083662.0,2.46,1.0,Redbud Power Plant,35.6856,-97.2264
2023,9,55463,3357980.0,2.488,1.0,Redbud Power Plant,35.6856,-97.2264
2023,10,55463,1285081.0,2.932,1.0,Redbud Power Plant,35.6856,-97.2264
2023,11,55463,1966180.0,2.865,1.0,Redbud Power Plant,35.6856,-97.2264
2023,12,55463,3123461.0,2.815,1.0,Redbud Power Plant,35.6856,-97.2264
2023,1,55651,159865.0,5.0680000000000005,1.0,Spring Creek Energy Center,35.7422,-97.655
2023,2,55651,69045.0,3.705,1.0,Spring Creek Energy Center,35.7422,-97.655
2023,3,55651,53284.0,4.189,1.0,Spring Creek Energy Center,35.7422,-97.655
2023,4,55651,139536.0,3.23,1.0,Spring Creek Energy Center,35.7422,-97.655
2023,5,55651,235830.0,2.565,1.0,Spring Creek Energy Center,35.7422,-97.655
2023,6,55651,240159.0,2.6210000000000004,1.0,Spring Creek Energy Center,35.7422,-97.655
2023,7,55651,409198.0,2.9619999999999997,1.0,Spring Creek Energy Center,35.7422,-97.655
2023,8,55651,595323.0,2.967,1.0,Spring Creek Energy Center,35.7422,-97.655
2023,9,55651,242471.0,2.9789999999999996,1.0,Spring Creek Energy Center,35.7422,-97.655
2023,10,55651,182073.0,3.1430000000000002,1.0,Spring Creek Energy Center,35.7422,-97.655
2023,11,55651,154347.0,3.299,1.0,Spring Creek Energy Center,35.7422,-97.655
2023,12,55651,40570.0,3.37,1.0,Spring Creek Energy Center,35.7422,-97.655
2023,1,55664,2318228.0,2.895,1.0,Harrison County Power Project,32.3958,-94.4367
2023,2,55664,2175975.0,2.189,1.0,Harrison County Power Project,32.3958,-94.4367
2023,3,55664,938598.0,2.485,1.0,Harrison County Power Project,32.3958,-94.4367
2023,4,55664,1345608.0,2.0189999999999997,1.0,Harrison County Power Project,32.3958,-94.4367
2023,5,55664,1952629.0,2.076,1.0,Harrison County Power Project,32.3958,-94.4367
2023,6,55664,1284152.0,2.275,1.0,Harrison County Power Project,32.3958,-94.4367
2023,7,55664,2387643.0,2.5810000000000004,1.0,Harrison County Power Project,32.3958,-94.4367
2023,8,55664,2456072.0,2.513,1.0,Harrison County Power Project,32.3958,-94.4367
2023,9,55664,2398709.0,2.456,1.0,Harrison County Power Project,32.3958,-94.4367
2023,10,55664,1376324.0,2.616,1.0,Harrison County Power Project,32.3958,-94.4367
2023,11,55664,1310422.0,2.665,1.0,Harrison County Power Project,32.3958,-94.4367
2023,12,55664,2561457.0,2.2540000000000004,1.0,Harrison County Power Project,32.3958,-94.4367
2023,1,55972,303.0,9.299000000000001,1.0,Cass County,40.947913,-95.96403
2023,2,55972,34648.0,7.369,1.0,Cass County,40.947913,-95.96403
2023,4,55972,88141.0,5.986000000000001,1.0,Cass County,40.947913,-95.96403
2023,5,55972,365165.0,5.857,1.0,Cass County,40.947913,-95.96403
2023,6,55972,421221.0,5.73,1.0,Cass County,40.947913,-95.96403
2023,7,55972,544417.0,6.582999999999999,1.0,Cass County,40.947913,-95.96403
2023,8,55972,612240.0,6.327999999999999,1.0,Cass County,40.947913,-95.96403
2023,9,55972,273549.0,6.678999999999999,1.0,Cass County,40.947913,-95.96403
2023,10,55972,90581.0,6.56,1.0,Cass County,40.947913,-95.96403
2023,11,55972,4179.0,12.624,1.0,Cass County,40.947913,-95.96403
2023,12,55972,238.0,12.037,1.0,Cass County,40.947913,-95.96403
2023,1,56151,79357.0,6.166,1.0,South Harper,38.6803,-94.4824
2023,2,56151,23285.0,5.229,1.0,South Harper,38.6803,-94.4824
2023,3,56151,45096.0,3.7460000000000004,1.0,South Harper,38.6803,-94.4824
2023,4,56151,62478.0,3.4330000000000003,1.0,South Harper,38.6803,-94.4824
2023,5,56151,226784.0,3.34,1.0,South Harper,38.6803,-94.4824
2023,6,56151,378327.0,3.42,1.0,South Harper,38.6803,-94.4824
2023,7,56151,378235.0,3.658,1.0,South Harper,38.6803,-94.4824
2023,8,56151,572362.0,3.611,1.0,South Harper,38.6803,-94.4824
2023,9,56151,148725.0,3.4619999999999997,1.0,South Harper,38.6803,-94.4824
2023,10,56151,192731.0,3.592,1.0,South Harper,38.6803,-94.4824
2023,11,56151,31143.0,3.826,1.0,South Harper,38.6803,-94.4824
2023,1,56326,618044.0,2.6010000000000004,1.0,Mustang Station Unit 4,32.974554,-102.7436
2023,2,56326,72370.0,1.944,1.0,Mustang Station Unit 4,32.974554,-102.7436
2023,3,56326,881043.0,1.8190000000000004,1.0,Mustang Station Unit 4,32.974554,-102.7436
2023,4,56326,1171250.0,1.5619999999999998,1.0,Mustang Station Unit 4,32.974554,-102.7436
2023,5,56326,346146.0,1.619,1.0,Mustang Station Unit 4,32.974554,-102.7436
2023,6,56326,776039.0,1.73,1.0,Mustang Station Unit 4,32.974554,-102.7436
2023,7,56326,1311125.0,1.962,1.0,Mustang Station Unit 4,32.974554,-102.7436
2023,8,56326,1693527.0,1.963,1.0,Mustang Station Unit 4,32.974554,-102.7436
2023,9,56326,858810.0,1.964,1.0,Mustang Station Unit 4,32.974554,-102.7436
2023,10,56326,1060042.0,1.9880000000000002,1.0,Mustang Station Unit 4,32.974554,-102.7436
2023,11,56326,177474.0,1.979,1.0,Mustang Station Unit 4,32.974554,-102.7436
2023,12,56326,596251.0,1.814,1.0,Mustang Station Unit 4,32.974554,-102.7436
2023,1,56502,426714.0,3.2439999999999998,1.0,Emporia Energy Center,38.445883,-96.06525
2023,2,56502,518507.0,2.401,1.0,Emporia Energy Center,38.445883,-96.06525
2023,3,56502,676898.0,2.23,1.0,Emporia Energy Center,38.445883,-96.06525
2023,4,56502,801338.0,2.003,1.0,Emporia Energy Center,38.445883,-96.06525
2023,5,56502,1803068.0,2.05,1.0,Emporia Energy Center,38.445883,-96.06525
2023,6,56502,1974817.0,2.471,1.0,Emporia Energy Center,38.445883,-96.06525
2023,7,56502,1745571.0,2.891,1.0,Emporia Energy Center,38.445883,-96.06525
2023,8,56502,1645270.0,3.042,1.0,Emporia Energy Center,38.445883,-96.06525
2023,9,56502,1205610.0,2.972,1.0,Emporia Energy Center,38.445883,-96.06525
2023,10,56502,1079060.0,3.1039999999999996,1.0,Emporia Energy Center,38.445883,-96.06525
2023,11,56502,910604.0,3.286,1.0,Emporia Energy Center,38.445883,-96.06525
2023,12,56502,662408.0,2.6919999999999997,1.0,Emporia Energy Center,38.445883,-96.06525
2023,1,56564,17913.0,3.8302916876011834,3.0,John W Turk Jr Power Plant,33.649722,-93.81194
2023,2,56564,2352.0,2.625275510204082,3.0,John W Turk Jr Power Plant,33.649722,-93.81194
2023,3,56564,28070.0,3.049789134307089,3.0,John W Turk Jr Power Plant,33.649722,-93.81194
2023,4,56564,1209.0,2.150902398676592,2.0,John W Turk Jr Power Plant,33.649722,-93.81194
2023,5,56564,2948.0,2.3333385345997284,3.0,John W Turk Jr Power Plant,33.649722,-93.81194
2023,6,56564,3188.0,2.4352186323713925,3.0,John W Turk Jr Power Plant,33.649722,-93.81194
2023,7,56564,3437.0,2.969836776258364,3.0,John W Turk Jr Power Plant,33.649722,-93.81194
2023,8,56564,22578.0,2.776070466826114,3.0,John W Turk Jr Power Plant,33.649722,-93.81194
2023,9,56564,4055.0,2.9329307028360048,3.0,John W Turk Jr Power Plant,33.649722,-93.81194
2023,10,56564,4271.0,2.8466862561461017,3.0,John W Turk Jr Power Plant,33.649722,-93.81194
2023,11,56564,45.0,2.792266666666667,2.0,John W Turk Jr Power Plant,33.649722,-93.81194
2023,12,56564,58786.0,2.562893205865342,3.0,John W Turk Jr Power Plant,33.649722,-93.81194
2023,1,56565,2431667.0,4.338740360419417,11.0,J Lamar Stall Unit,32.51947,-93.76013
2023,2,56565,1703851.0,3.2361838341498173,11.0,J Lamar Stall Unit,32.51947,-93.76013
2023,3,56565,600078.0,3.527364407627008,8.0,J Lamar Stall Unit,32.51947,-93.76013
2023,4,56565,2260678.0,2.1411377701733723,8.0,J Lamar Stall Unit,32.51947,-93.76013
2023,5,56565,2165770.0,2.2335497559759347,9.0,J Lamar Stall Unit,32.51947,-93.76013
2023,6,56565,2349878.0,2.346962082712379,12.0,J Lamar Stall Unit,32.51947,-93.76013
2023,7,56565,2471873.0,2.644202319860284,8.0,J Lamar Stall Unit,32.51947,-93.76013
2023,8,56565,2687003.0,2.62311789231348,14.0,J Lamar Stall Unit,32.51947,-93.76013
2023,9,56565,2415021.0,2.6162479787960438,8.0,J Lamar Stall Unit,32.51947,-93.76013
2023,10,56565,1515036.0,2.727208610884494,9.0,J Lamar Stall Unit,32.51947,-93.76013
2023,11,56565,1843488.0,2.7277031133373253,8.0,J Lamar Stall Unit,32.51947,-93.76013
2023,12,56565,2567132.0,3.224155445064765,8.0,J Lamar Stall Unit,32.51947,-93.76013
2023,1,56610,426000.0,3.737,1.0,Deer Creek Station,44.39624,-96.53332
2023,2,56610,367000.0,2.761,1.0,Deer Creek Station,44.39624,-96.53332
2023,3,56610,546000.0,2.741,1.0,Deer Creek Station,44.39624,-96.53332
2023,4,56610,590000.0,2.481,1.0,Deer Creek Station,44.39624,-96.53332
2023,5,56610,333000.0,2.381,1.0,Deer Creek Station,44.39624,-96.53332
2023,6,56610,439000.0,2.5869999999999997,1.0,Deer Creek Station,44.39624,-96.53332
2023,7,56610,1071000.0,2.839,1.0,Deer Creek Station,44.39624,-96.53332
2023,8,56610,985000.0,2.819,1.0,Deer Creek Station,44.39624,-96.53332
2023,9,56610,595000.0,2.7060000000000004,1.0,Deer Creek Station,44.39624,-96.53332
2023,10,56610,558000.0,2.866,1.0,Deer Creek Station,44.39624,-96.53332
2023,11,56610,738000.0,3.09,1.0,Deer Creek Station,44.39624,-96.53332
2023,12,56610,749000.0,2.8569999999999998,1.0,Deer Creek Station,44.39624,-96.53332
2023,1,57943,645702.0,3.716,1.0,Lonesome Creek Station,47.796667,-103.5786
2023,2,57943,545450.0,2.713,1.0,Lonesome Creek Station,47.796667,-103.5786
2023,3,57943,767678.0,2.654,1.0,Lonesome Creek Station,47.796667,-103.5786
2023,4,57943,986209.0,2.302,1.0,Lonesome Creek Station,47.796667,-103.5786
2023,5,57943,1015492.0,2.391,1.0,Lonesome Creek Station,47.796667,-103.5786
2023,6,57943,1279651.0,2.1240000000000006,1.0,Lonesome Creek Station,47.796667,-103.5786
2023,7,57943,1203422.0,2.219,1.0,Lonesome Creek Station,47.796667,-103.5786
2023,8,57943,1041755.0,2.34,1.0,Lonesome Creek Station,47.796667,-103.5786
2023,9,57943,669206.0,2.205,1.0,Lonesome Creek Station,47.796667,-103.5786
2023,10,57943,827308.0,2.2409999999999997,1.0,Lonesome Creek Station,47.796667,-103.5786
2023,11,57943,814292.0,1.9969999999999997,1.0,Lonesome Creek Station,47.796667,-103.5786
2023,12,57943,847835.0,2.295,1.0,Lonesome Creek Station,47.796667,-103.5786
2023,1,58835,678504.0,2.697,1.0,Elk Station,33.865,-101.8433
2023,2,58835,636288.0,2.015,1.0,Elk Station,33.865,-101.8433
2023,3,58835,627567.0,1.8869999999999998,1.0,Elk Station,33.865,-101.8433
2023,4,58835,601421.0,1.62,1.0,Elk Station,33.865,-101.8433
2023,5,58835,854473.0,1.6790000000000003,1.0,Elk Station,33.865,-101.8433
2023,6,58835,992391.0,1.794,1.0,Elk Station,33.865,-101.8433
2023,7,58835,1087453.0,2.0340000000000003,1.0,Elk Station,33.865,-101.8433
2023,8,58835,1189191.0,2.035,1.0,Elk Station,33.865,-101.8433
2023,9,58835,1002211.0,2.037,1.0,Elk Station,33.865,-101.8433
2023,10,58835,738963.0,2.062,1.0,Elk Station,33.865,-101.8433
2023,11,58835,692016.0,2.052,1.0,Elk Station,33.865,-101.8433
2023,12,58835,738631.0,1.881,1.0,Elk Station,33.865,-101.8433
2023,2,6064,2329.0,2.8089999999999997,1.0,Nearman Creek,39.1681,-94.6975
2023,5,6064,94847.0,2.523,1.0,Nearman Creek,39.1681,-94.6975
2023,6,6064,242132.0,2.59,1.0,Nearman Creek,39.1681,-94.6975
2023,7,6064,197512.0,2.838,1.0,Nearman Creek,39.1681,-94.6975
2023,8,6064,232243.0,2.8310000000000004,1.0,Nearman Creek,39.1681,-94.6975
2023,9,6064,147267.0,2.8789999999999996,1.0,Nearman Creek,39.1681,-94.6975
2023,10,6064,113368.0,2.807,1.0,Nearman Creek,39.1681,-94.6975
2023,11,6064,20812.0,2.867,1.0,Nearman Creek,39.1681,-94.6975
2023,2,8059,8841.0,4.080692003167062,16.0,Comanche (OK),34.5431,-98.3244
2023,3,8059,137360.0,4.611490513977869,18.0,Comanche (OK),34.5431,-98.3244
2023,4,8059,62077.0,3.5561812748683086,18.0,Comanche (OK),34.5431,-98.3244
2023,5,8059,492653.0,2.8242580619624773,18.0,Comanche (OK),34.5431,-98.3244
2023,6,8059,772298.0,2.8853301096208974,18.0,Comanche (OK),34.5431,-98.3244
2023,7,8059,697508.0,3.2605235165761544,18.0,Comanche (OK),34.5431,-98.3244
2023,8,8059,565980.0,3.2663764125940844,18.0,Comanche (OK),34.5431,-98.3244
2023,9,8059,488415.0,3.279920786626127,18.0,Comanche (OK),34.5431,-98.3244
2023,10,8059,388529.0,3.460573012567916,18.0,Comanche (OK),34.5431,-98.3244
2023,11,8059,331331.0,3.6316636716757564,18.0,Comanche (OK),34.5431,-98.3244
2023,12,8059,612211.0,3.710027098500354,18.0,Comanche (OK),34.5431,-98.3244
2023,4,56328,9245.0,6.967601189832342,17.0,Harry D Mattison Gas Plant,36.1855,-94.2841
2023,5,56328,87733.0,7.195134886530723,17.0,Harry D Mattison Gas Plant,36.1855,-94.2841
2023,6,56328,574016.0,7.445539197513659,17.0,Harry D Mattison Gas Plant,36.1855,-94.2841
2023,7,56328,433577.0,8.375912569163031,17.0,Harry D Mattison Gas Plant,36.1855,-94.2841
2023,8,56328,734166.0,8.492239527572783,17.0,Harry D Mattison Gas Plant,36.1855,-94.2841
2023,9,56328,167280.0,8.692398977761837,17.0,Harry D Mattison Gas Plant,36.1855,-94.2841
2023,10,56328,102600.0,8.76886895711501,17.0,Harry D Mattison Gas Plant,36.1855,-94.2841
2023,11,56328,19256.0,8.666020201495638,17.0,Harry D Mattison Gas Plant,36.1855,-94.2841
